Booking_ID,Booking_Date,Car_Type,Fuel_Type,From_City,To_City,Booking_Channel,Booking_Status,Customer_Type,Rental_Days,Daily_Rate,Sales_Amount,Cost_Amount,Profit,Booking_Month,Weekend_Booking
2001,7/26/2024,Hatchback,Electric,Chennai,Delhi,Online,Accepted,Returning,1,1486,1486,879,607,July,FALSE
2002,11/8/2024,Luxury,Hybrid,Chennai,Delhi,Offline,Rejected,New,17,3577,60809,42893,17916,November,FALSE
2004,2/18/2024,Hatchback,Diesel,Mumbai,Chennai,Offline,Accepted,New,13,1725,22425,15349,7076,February,TRUE
2006,7/7/2024,Luxury,Hybrid,Hyderabad,Chennai,Offline,Accepted,New,6,4122,24732,15719,9013,July,TRUE
2008,8/29/2024,Hatchback,Diesel,Mumbai,Chennai,Offline,Accepted,Returning,8,4137,33096,22468,10628,August,FALSE
2009,7/21/2024,Sedan,Hybrid,Delhi,Mumbai,Online,Accepted,New,10,2465,24650,17148,7502,July,TRUE
2010,11/24/2024,Sedan,Petrol,Bangalore,Delhi,Online,Accepted,Returning,15,2899,43485,26516,16969,November,TRUE
2011,4/20/2024,Hatchback,Hybrid,Delhi,Bangalore,Online,Accepted,Returning,15,2939,44085,27873,16212,April,TRUE
2012,11/13/2024,Sedan,Diesel,Delhi,Hyderabad,Online,Accepted,New,11,2177,23947,16110,7837,November,FALSE
2013,9/10/2024,Hatchback,Hybrid,Mumbai,Bangalore,Offline,Accepted,Returning,13,3486,45318,25160,20158,September,FALSE
2014,8/21/2024,Luxury,Electric,Delhi,Chennai,Online,Accepted,Returning,1,3896,3896,2477,1419,August,FALSE
2015,9/10/2024,Luxury,Electric,Mumbai,Bangalore,Offline,Accepted,New,2,3524,7048,4350,2698,September,FALSE
2017,5/2/2024,SUV,Diesel,Bangalore,Mumbai,Offline,Accepted,Returning,16,1549,24784,15227,9557,May,FALSE
2019,8/26/2024,Hatchback,Diesel,Hyderabad,Chennai,Online,Accepted,Returning,2,2591,5182,2966,2216,August,FALSE
2020,12/22/2024,Hatchback,Diesel,Mumbai,Bangalore,Online,Accepted,New,6,4036,24216,15588,8628,December,TRUE
2021,3/25/2024,SUV,Petrol,Bangalore,Hyderabad,Online,Accepted,New,13,1573,20449,15237,5212,March,FALSE
2022,11/11/2024,Hatchback,Electric,Delhi,Chennai,Offline,Accepted,New,5,1556,7780,5478,2302,November,FALSE
2023,5/28/2024,Luxury,Petrol,Bangalore,Hyderabad,Offline,Accepted,New,14,1219,17066,10415,6651,May,FALSE
2024,7/23/2024,Luxury,Electric,Mumbai,Chennai,Offline,Accepted,Returning,2,1691,3382,1868,1514,July,FALSE
2025,7/3/2024,Sedan,Petrol,Chennai,Mumbai,Offline,Accepted,New,11,2055,22605,14676,7929,July,FALSE
2026,6/18/2024,Hatchback,Electric,Hyderabad,Delhi,Online,Accepted,New,3,3652,10956,6366,4590,June,FALSE
2027,5/13/2024,Hatchback,Electric,Chennai,Mumbai,Online,Accepted,New,15,1297,19455,10770,8685,May,FALSE
2028,8/17/2024,Luxury,Petrol,Mumbai,Hyderabad,Online,Accepted,New,8,3510,28080,18817,9263,August,TRUE
2029,10/1/2024,Hatchback,Hybrid,Hyderabad,Mumbai,Offline,Accepted,New,19,3454,65626,37893,27733,October,FALSE
2030,2/20/2024,Sedan,Petrol,Hyderabad,Chennai,Offline,Accepted,New,16,3722,59552,34562,24990,February,FALSE
2031,8/24/2024,Hatchback,Petrol,Hyderabad,Delhi,Online,Accepted,Returning,18,4438,79884,47313,32571,August,TRUE
2034,9/18/2024,SUV,Electric,Bangalore,Mumbai,Online,Accepted,New,4,2299,9196,6585,2611,September,FALSE
2037,9/5/2024,Sedan,Electric,Delhi,Mumbai,Offline,Accepted,Returning,5,4435,22175,13765,8410,September,FALSE
2038,9/25/2024,Luxury,Hybrid,Hyderabad,Chennai,Online,Accepted,New,4,3792,15168,8798,6370,September,FALSE
2039,8/28/2024,Hatchback,Petrol,Delhi,Hyderabad,Online,Rejected,Returning,9,4105,36945,22721,14224,August,FALSE
2040,12/4/2024,SUV,Petrol,Bangalore,Mumbai,Online,Accepted,New,10,1933,19330,14250,5080,December,FALSE
2041,9/28/2024,Sedan,Hybrid,Bangalore,Chennai,Offline,Accepted,Returning,2,1838,3676,2485,1191,September,TRUE
2043,1/29/2024,Sedan,Hybrid,Hyderabad,Delhi,Online,Accepted,New,13,3364,43732,27652,16080,January,FALSE
2044,5/17/2024,Sedan,Petrol,Hyderabad,Bangalore,Online,Accepted,New,15,4030,60450,38820,21630,May,FALSE
2045,12/31/2024,Luxury,Petrol,Chennai,Mumbai,Online,Accepted,New,5,2393,11965,8743,3222,December,FALSE
2046,5/13/2024,Sedan,Hybrid,Mumbai,Hyderabad,Online,Accepted,Returning,4,3443,13772,8883,4889,May,FALSE
2047,11/21/2024,Sedan,Petrol,Bangalore,Mumbai,Online,Rejected,New,5,1995,9975,6432,3543,November,FALSE
2048,8/23/2024,Sedan,Petrol,Mumbai,Chennai,Online,Accepted,Returning,2,1269,2538,1883,655,August,FALSE
2049,4/28/2024,Luxury,Petrol,Mumbai,Bangalore,Offline,Accepted,New,2,2576,5152,3737,1415,April,TRUE
2051,10/13/2024,Luxury,Electric,Hyderabad,Delhi,Online,Rejected,New,15,4379,65685,45777,19908,October,TRUE
2054,9/7/2024,Luxury,Petrol,Delhi,Mumbai,Offline,Accepted,New,9,4119,37071,20851,16220,September,TRUE
2055,8/6/2024,SUV,Petrol,Chennai,Hyderabad,Online,Accepted,New,4,1567,6268,4565,1703,August,FALSE
2057,6/9/2024,Luxury,Electric,Hyderabad,Bangalore,Online,Rejected,New,18,1761,31698,22405,9293,June,TRUE
2059,3/4/2024,Sedan,Petrol,Hyderabad,Delhi,Online,Rejected,New,11,1532,16852,11754,5098,March,FALSE
2060,7/26/2024,Hatchback,Electric,Delhi,Bangalore,Online,Accepted,New,1,4176,4176,2713,1463,July,FALSE
2061,6/30/2024,Hatchback,Electric,Mumbai,Hyderabad,Online,Accepted,New,2,3790,7580,4383,3197,June,TRUE
2063,5/1/2024,Luxury,Electric,Hyderabad,Chennai,Online,Accepted,Returning,2,2773,5546,3197,2349,May,FALSE
2064,3/12/2024,Hatchback,Electric,Chennai,Delhi,Online,Accepted,Returning,5,1982,9910,5951,3959,March,FALSE
2065,2/3/2024,SUV,Diesel,Chennai,Delhi,Online,Rejected,New,1,3643,3643,2429,1214,February,TRUE
2067,2/28/2024,Luxury,Diesel,Mumbai,Hyderabad,Offline,Rejected,Returning,11,1851,20361,12614,7747,February,FALSE
2068,4/13/2024,Sedan,Diesel,Hyderabad,Mumbai,Online,Accepted,New,3,4243,12729,9044,3685,April,TRUE
2069,10/7/2024,SUV,Electric,Mumbai,Bangalore,Offline,Accepted,New,12,3477,41724,31268,10456,October,FALSE
2070,10/8/2024,Hatchback,Diesel,Mumbai,Delhi,Online,Accepted,New,2,4114,8228,4929,3299,October,FALSE
2072,4/17/2024,SUV,Diesel,Mumbai,Chennai,Offline,Rejected,New,11,3330,36630,25057,11573,April,FALSE
2073,3/5/2024,Hatchback,Hybrid,Chennai,Mumbai,Online,Rejected,New,3,3742,11226,8346,2880,March,FALSE
2074,6/2/2024,Hatchback,Petrol,Hyderabad,Mumbai,Online,Rejected,Returning,9,2532,22788,14173,8615,June,TRUE
2076,7/25/2024,Sedan,Electric,Mumbai,Hyderabad,Online,Accepted,New,1,4053,4053,2551,1502,July,FALSE
2078,1/6/2024,SUV,Petrol,Hyderabad,Mumbai,Online,Accepted,New,11,3406,37466,20817,16649,January,TRUE
2079,6/20/2024,Luxury,Petrol,Hyderabad,Bangalore,Offline,Rejected,New,6,2982,17892,12222,5670,June,FALSE
2080,1/19/2024,Luxury,Diesel,Mumbai,Hyderabad,Online,Accepted,New,15,3689,55335,35865,19470,January,FALSE
2081,10/22/2024,SUV,Diesel,Chennai,Mumbai,Offline,Accepted,Returning,10,1840,18400,13565,4835,October,FALSE
2082,9/2/2024,Hatchback,Diesel,Mumbai,Delhi,Online,Accepted,New,2,3796,7592,4635,2957,September,FALSE
2083,9/11/2024,SUV,Diesel,Mumbai,Bangalore,Online,Accepted,New,17,3059,52003,36544,15459,September,FALSE
2084,12/18/2024,Luxury,Petrol,Mumbai,Delhi,Online,Accepted,New,15,4396,65940,49130,16810,December,FALSE
2085,5/12/2024,SUV,Hybrid,Bangalore,Chennai,Online,Rejected,New,8,1714,13712,8030,5682,May,TRUE
2087,2/20/2024,Sedan,Diesel,Delhi,Mumbai,Online,Accepted,Returning,17,2324,39508,22090,17418,February,FALSE
2088,12/18/2024,Hatchback,Hybrid,Mumbai,Bangalore,Online,Accepted,Returning,3,1743,5229,3864,1365,December,FALSE
2089,11/9/2024,Sedan,Electric,Hyderabad,Mumbai,Online,Rejected,Returning,1,3389,3389,2373,1016,November,TRUE
2090,5/24/2024,Luxury,Petrol,Chennai,Bangalore,Online,Accepted,Returning,16,3248,51968,38326,13642,May,FALSE
2091,8/15/2024,Luxury,Diesel,Hyderabad,Bangalore,Offline,Rejected,New,16,2020,32320,19726,12594,August,FALSE
2094,1/2/2024,Hatchback,Hybrid,Delhi,Bangalore,Online,Accepted,New,18,2120,38160,27948,10212,January,FALSE
2095,1/28/2024,Hatchback,Diesel,Chennai,Mumbai,Online,Accepted,Returning,10,3418,34180,24368,9812,January,TRUE
2097,9/3/2024,Luxury,Diesel,Bangalore,Delhi,Online,Rejected,Returning,13,3833,49829,36907,12922,September,FALSE
2098,2/2/2024,Luxury,Hybrid,Mumbai,Hyderabad,Online,Accepted,Returning,7,4300,30100,18661,11439,February,FALSE
2099,10/14/2024,SUV,Electric,Bangalore,Chennai,Online,Accepted,New,2,2990,5980,4427,1553,October,FALSE
2100,7/13/2024,Sedan,Diesel,Mumbai,Delhi,Offline,Accepted,New,2,4204,8408,4700,3708,July,TRUE
2101,12/8/2024,SUV,Electric,Hyderabad,Chennai,Online,Accepted,New,3,1365,4095,2580,1515,December,TRUE
2102,11/26/2024,Luxury,Petrol,Hyderabad,Mumbai,Online,Accepted,Returning,3,3085,9255,5316,3939,November,FALSE
2104,12/11/2024,Sedan,Hybrid,Delhi,Bangalore,Online,Accepted,New,19,3359,63821,38297,25524,December,FALSE
2105,12/3/2024,Hatchback,Petrol,Mumbai,Hyderabad,Online,Accepted,Returning,16,3841,61456,34963,26493,December,FALSE
2106,3/8/2024,Luxury,Hybrid,Hyderabad,Bangalore,Online,Accepted,Returning,19,3471,65949,44193,21756,March,FALSE
2109,7/26/2024,SUV,Diesel,Mumbai,Chennai,Offline,Accepted,Returning,13,4265,55445,40111,15334,July,FALSE
2110,6/10/2024,Hatchback,Electric,Delhi,Chennai,Offline,Accepted,Returning,10,3082,30820,18953,11867,June,FALSE
2112,2/3/2024,Sedan,Electric,Hyderabad,Delhi,Online,Rejected,Returning,12,1623,19476,12839,6637,February,TRUE
2113,9/24/2024,Luxury,Hybrid,Chennai,Bangalore,Online,Accepted,New,14,1557,21798,14802,6996,September,FALSE
2114,9/24/2024,Luxury,Petrol,Delhi,Chennai,Online,Accepted,New,1,3420,3420,2503,917,September,FALSE
2115,7/24/2024,Sedan,Diesel,Chennai,Bangalore,Online,Accepted,New,19,3709,70471,47563,22908,July,FALSE
2117,9/2/2024,Sedan,Hybrid,Hyderabad,Delhi,Online,Accepted,Returning,1,3668,3668,2219,1449,September,FALSE
2118,7/2/2024,Hatchback,Electric,Mumbai,Delhi,Offline,Rejected,Returning,8,1841,14728,9728,5000,July,FALSE
2120,5/5/2024,Luxury,Petrol,Bangalore,Hyderabad,Online,Accepted,New,1,2605,2605,1545,1060,May,TRUE
2121,3/22/2024,Hatchback,Petrol,Mumbai,Delhi,Offline,Accepted,New,18,4340,78120,54488,23632,March,FALSE
2122,10/12/2024,Luxury,Diesel,Delhi,Chennai,Online,Rejected,Returning,12,2146,25752,17250,8502,October,TRUE
2123,4/17/2024,Hatchback,Diesel,Hyderabad,Delhi,Offline,Accepted,New,2,3377,6754,3965,2789,April,FALSE
2125,4/4/2024,Hatchback,Petrol,Hyderabad,Delhi,Online,Accepted,New,12,4384,52608,37340,15268,April,FALSE
2126,2/8/2024,Hatchback,Hybrid,Bangalore,Hyderabad,Offline,Accepted,New,4,2262,9048,5185,3863,February,FALSE
2127,12/14/2024,Sedan,Hybrid,Mumbai,Bangalore,Online,Rejected,New,13,2095,27235,17280,9955,December,TRUE
2128,7/12/2024,SUV,Petrol,Bangalore,Mumbai,Online,Accepted,Returning,8,3561,28488,19971,8517,July,FALSE
2129,10/24/2024,Luxury,Hybrid,Chennai,Delhi,Online,Accepted,New,2,3221,6442,3927,2515,October,FALSE
2130,9/14/2024,SUV,Electric,Delhi,Bangalore,Online,Accepted,Returning,5,4265,21325,14399,6926,September,TRUE
2131,8/8/2024,Sedan,Petrol,Hyderabad,Bangalore,Online,Rejected,Returning,15,2399,35985,26262,9723,August,FALSE
2132,3/21/2024,Sedan,Petrol,Delhi,Chennai,Online,Accepted,Returning,13,2681,34853,23862,10991,March,FALSE
2135,10/8/2024,SUV,Electric,Hyderabad,Mumbai,Online,Accepted,New,2,1392,2784,1592,1192,October,FALSE
2136,4/30/2024,SUV,Hybrid,Hyderabad,Mumbai,Offline,Rejected,New,3,1515,4545,2808,1737,April,FALSE
2137,1/11/2024,Sedan,Electric,Chennai,Mumbai,Online,Accepted,New,5,4408,22040,12623,9417,January,FALSE
2138,11/25/2024,SUV,Diesel,Bangalore,Mumbai,Offline,Accepted,New,3,3370,10110,5768,4342,November,FALSE
2139,3/9/2024,Hatchback,Hybrid,Hyderabad,Delhi,Online,Accepted,Returning,7,4147,29029,19168,9861,March,TRUE
2141,5/24/2024,Luxury,Diesel,Hyderabad,Bangalore,Online,Accepted,New,8,4072,32576,18628,13948,May,FALSE
2143,2/11/2024,Luxury,Electric,Bangalore,Mumbai,Offline,Rejected,New,10,3009,30090,19861,10229,February,TRUE
2144,1/1/2024,Luxury,Hybrid,Chennai,Hyderabad,Online,Accepted,New,17,2019,34323,21772,12551,January,FALSE
2145,7/3/2024,Hatchback,Petrol,Chennai,Delhi,Online,Accepted,Returning,2,4019,8038,5531,2507,July,FALSE
2146,6/7/2024,SUV,Diesel,Mumbai,Hyderabad,Online,Accepted,Returning,12,2618,31416,22997,8419,June,FALSE
2147,1/2/2024,Hatchback,Electric,Delhi,Hyderabad,Online,Accepted,Returning,12,3563,42756,28614,14142,January,FALSE
2148,11/30/2024,Hatchback,Hybrid,Chennai,Delhi,Online,Rejected,Returning,9,4285,38565,25976,12589,November,TRUE
2149,7/12/2024,SUV,Diesel,Hyderabad,Delhi,Online,Accepted,Returning,14,4360,61040,42886,18154,July,FALSE
2150,2/6/2024,Sedan,Petrol,Mumbai,Delhi,Online,Accepted,New,12,3471,41652,29482,12170,February,FALSE
2151,4/28/2024,Luxury,Electric,Chennai,Delhi,Online,Accepted,Returning,8,2700,21600,12441,9159,April,TRUE
2152,9/7/2024,Luxury,Diesel,Delhi,Bangalore,Online,Accepted,New,13,2242,29146,20512,8634,September,TRUE
2154,9/16/2024,Hatchback,Diesel,Mumbai,Hyderabad,Offline,Rejected,Returning,16,2000,32000,19100,12900,September,FALSE
2155,9/20/2024,SUV,Hybrid,Mumbai,Delhi,Offline,Accepted,New,7,4072,28504,21297,7207,September,FALSE
2156,6/9/2024,Luxury,Electric,Delhi,Bangalore,Online,Rejected,New,7,1761,12327,9060,3267,June,TRUE
2157,12/10/2024,Luxury,Electric,Hyderabad,Bangalore,Online,Accepted,New,12,2319,27828,15677,12151,December,FALSE
2158,6/30/2024,Hatchback,Diesel,Mumbai,Delhi,Offline,Accepted,Returning,11,2378,26158,15439,10719,June,TRUE
2159,12/21/2024,Luxury,Diesel,Chennai,Mumbai,Online,Accepted,New,16,3456,55296,36290,19006,December,TRUE
2160,4/4/2024,Hatchback,Electric,Mumbai,Bangalore,Offline,Accepted,New,12,3983,47796,26689,21107,April,FALSE
2161,12/30/2024,Luxury,Diesel,Mumbai,Hyderabad,Online,Rejected,Returning,18,3062,55116,34710,20406,December,FALSE
2162,1/11/2024,Sedan,Petrol,Hyderabad,Delhi,Online,Rejected,Returning,14,3969,55566,33655,21911,January,FALSE
2163,5/31/2024,Luxury,Electric,Delhi,Mumbai,Online,Accepted,Returning,14,4099,57386,41890,15496,May,FALSE
2164,10/26/2024,Sedan,Electric,Bangalore,Hyderabad,Offline,Accepted,New,7,1957,13699,10156,3543,October,TRUE
2165,12/16/2024,Hatchback,Hybrid,Delhi,Hyderabad,Online,Accepted,New,9,2586,23274,16897,6377,December,FALSE
2166,12/23/2024,SUV,Petrol,Bangalore,Hyderabad,Online,Accepted,Returning,19,2087,39653,24822,14831,December,FALSE
2167,8/24/2024,SUV,Electric,Mumbai,Hyderabad,Online,Accepted,Returning,2,2696,5392,2975,2417,August,TRUE
2169,8/14/2024,Sedan,Diesel,Delhi,Mumbai,Online,Accepted,Returning,1,1520,1520,839,681,August,FALSE
2170,7/29/2024,Sedan,Electric,Bangalore,Chennai,Online,Accepted,New,12,1257,15084,8595,6489,July,FALSE
2171,3/31/2024,Sedan,Diesel,Chennai,Mumbai,Offline,Rejected,New,5,1531,7655,4233,3422,March,TRUE
2172,10/14/2024,Sedan,Petrol,Hyderabad,Bangalore,Online,Accepted,New,8,3290,26320,15545,10775,October,FALSE
2173,10/31/2024,Hatchback,Hybrid,Hyderabad,Bangalore,Online,Accepted,Returning,7,3043,21301,12700,8601,October,FALSE
2174,8/5/2024,Hatchback,Electric,Hyderabad,Delhi,Online,Accepted,New,6,2016,12096,7167,4929,August,FALSE
2175,4/24/2024,Luxury,Hybrid,Chennai,Hyderabad,Online,Accepted,New,10,1531,15310,9972,5338,April,FALSE
2176,9/27/2024,Sedan,Petrol,Delhi,Mumbai,Online,Accepted,Returning,19,1624,30856,18089,12767,September,FALSE
2177,8/18/2024,Hatchback,Electric,Bangalore,Chennai,Online,Accepted,New,18,2254,40572,24706,15866,August,TRUE
2178,5/11/2024,Sedan,Petrol,Hyderabad,Delhi,Online,Accepted,Returning,3,1680,5040,3212,1828,May,TRUE
2180,12/23/2024,Sedan,Diesel,Mumbai,Hyderabad,Online,Rejected,New,14,1929,27006,18265,8741,December,FALSE
2181,9/25/2024,SUV,Electric,Hyderabad,Mumbai,Online,Accepted,Returning,13,2511,32643,20985,11658,September,FALSE
2182,11/17/2024,Luxury,Hybrid,Bangalore,Delhi,Online,Accepted,New,10,2608,26080,16557,9523,November,TRUE
2183,11/21/2024,SUV,Electric,Chennai,Mumbai,Online,Accepted,New,11,3608,39688,26967,12721,November,FALSE
2184,11/6/2024,Luxury,Petrol,Delhi,Chennai,Offline,Accepted,Returning,3,4296,12888,9316,3572,November,FALSE
2185,7/21/2024,Hatchback,Diesel,Mumbai,Bangalore,Offline,Accepted,Returning,7,3942,27594,18923,8671,July,TRUE
2186,8/26/2024,Hatchback,Hybrid,Bangalore,Chennai,Online,Accepted,Returning,10,2539,25390,15932,9458,August,FALSE
2187,11/1/2024,Hatchback,Hybrid,Bangalore,Chennai,Offline,Accepted,New,15,4325,64875,38116,26759,November,FALSE
2189,9/16/2024,Sedan,Hybrid,Mumbai,Chennai,Online,Rejected,New,8,3392,27136,18264,8872,September,FALSE
2190,10/5/2024,Hatchback,Diesel,Hyderabad,Chennai,Online,Accepted,New,12,2900,34800,24304,10496,October,TRUE
2191,5/13/2024,Hatchback,Petrol,Delhi,Mumbai,Online,Accepted,Returning,12,2410,28920,21077,7843,May,FALSE
2192,12/20/2024,Luxury,Petrol,Delhi,Mumbai,Offline,Accepted,Returning,5,2641,13205,8766,4439,December,FALSE
2193,6/16/2024,Sedan,Hybrid,Chennai,Bangalore,Offline,Accepted,Returning,1,2579,2579,1876,703,June,TRUE
2194,5/19/2024,Sedan,Electric,Hyderabad,Mumbai,Online,Rejected,New,9,3308,29772,18273,11499,May,TRUE
2195,1/1/2024,SUV,Hybrid,Mumbai,Bangalore,Online,Accepted,New,11,4110,45210,32488,12722,January,FALSE
2196,9/7/2024,Luxury,Hybrid,Delhi,Hyderabad,Online,Accepted,Returning,1,3412,3412,2321,1091,September,TRUE
2197,7/16/2024,Luxury,Electric,Bangalore,Chennai,Online,Accepted,Returning,13,4188,54444,38871,15573,July,FALSE
2200,7/12/2024,Luxury,Hybrid,Hyderabad,Delhi,Offline,Accepted,New,12,3458,41496,29008,12488,July,FALSE
2201,8/6/2024,Hatchback,Diesel,Hyderabad,Chennai,Online,Accepted,Returning,4,1543,6172,4511,1661,August,FALSE
2202,12/7/2024,Sedan,Electric,Mumbai,Chennai,Online,Accepted,Returning,15,2912,43680,26632,17048,December,TRUE
2203,7/27/2024,Hatchback,Diesel,Bangalore,Mumbai,Offline,Accepted,Returning,9,4302,38718,26590,12128,July,TRUE
2204,9/26/2024,Hatchback,Diesel,Delhi,Mumbai,Online,Accepted,Returning,13,4343,56459,34247,22212,September,FALSE
2205,3/20/2024,SUV,Petrol,Delhi,Bangalore,Online,Accepted,New,18,2340,42120,25562,16558,March,FALSE
2206,10/25/2024,Sedan,Petrol,Mumbai,Hyderabad,Offline,Accepted,New,9,3799,34191,19550,14641,October,FALSE
2208,4/30/2024,Luxury,Electric,Hyderabad,Chennai,Online,Accepted,Returning,15,2273,34095,23152,10943,April,FALSE
2209,3/16/2024,Hatchback,Hybrid,Chennai,Bangalore,Online,Accepted,New,17,1878,31926,23336,8590,March,TRUE
2210,10/11/2024,Sedan,Hybrid,Chennai,Bangalore,Offline,Accepted,Returning,19,3609,68571,39466,29105,October,FALSE
2211,3/24/2024,SUV,Hybrid,Chennai,Delhi,Online,Accepted,New,5,3264,16320,10601,5719,March,TRUE
2212,12/31/2024,SUV,Electric,Chennai,Hyderabad,Online,Accepted,New,3,2132,6396,3666,2730,December,FALSE
2214,3/21/2024,Luxury,Diesel,Mumbai,Hyderabad,Online,Accepted,New,3,2041,6123,4521,1602,March,FALSE
2215,3/19/2024,Luxury,Electric,Delhi,Chennai,Online,Rejected,New,15,2703,40545,29652,10893,March,FALSE
2216,1/8/2024,SUV,Hybrid,Bangalore,Chennai,Offline,Rejected,New,18,2961,53298,34128,19170,January,FALSE
2217,4/21/2024,Hatchback,Hybrid,Chennai,Mumbai,Offline,Rejected,New,14,2115,29610,19491,10119,April,TRUE
2218,8/13/2024,Hatchback,Petrol,Chennai,Delhi,Online,Accepted,New,18,1314,23652,17535,6117,August,FALSE
2220,4/13/2024,Sedan,Diesel,Hyderabad,Mumbai,Offline,Accepted,New,2,2539,5078,3562,1516,April,TRUE
2221,2/1/2024,Luxury,Diesel,Chennai,Mumbai,Online,Accepted,Returning,2,4288,8576,4841,3735,February,FALSE
2222,5/30/2024,Sedan,Hybrid,Bangalore,Mumbai,Offline,Rejected,New,11,3287,36157,22332,13825,May,FALSE
2223,7/11/2024,Luxury,Hybrid,Bangalore,Delhi,Online,Accepted,Returning,1,1221,1221,792,429,July,FALSE
2224,1/18/2024,SUV,Electric,Delhi,Mumbai,Offline,Accepted,Returning,17,3371,57307,41887,15420,January,FALSE
2225,9/14/2024,Luxury,Hybrid,Chennai,Bangalore,Online,Rejected,Returning,12,3331,39972,29388,10584,September,TRUE
2227,11/6/2024,Luxury,Diesel,Delhi,Mumbai,Offline,Accepted,New,14,1334,18676,13862,4814,November,FALSE
2229,1/22/2024,Hatchback,Hybrid,Delhi,Bangalore,Online,Accepted,New,15,3703,55545,38469,17076,January,FALSE
2230,3/15/2024,Luxury,Petrol,Chennai,Delhi,Offline,Accepted,New,17,3581,60877,36733,24144,March,FALSE
2231,12/27/2024,Luxury,Diesel,Delhi,Hyderabad,Online,Rejected,Returning,18,4271,76878,44704,32174,December,FALSE
2232,1/16/2024,Luxury,Diesel,Chennai,Delhi,Online,Accepted,Returning,14,1990,27860,19840,8020,January,FALSE
2233,7/30/2024,Luxury,Electric,Hyderabad,Bangalore,Online,Accepted,Returning,7,1396,9772,6054,3718,July,FALSE
2234,4/27/2024,Hatchback,Hybrid,Hyderabad,Bangalore,Online,Accepted,Returning,2,2763,5526,3857,1669,April,TRUE
2235,10/22/2024,Luxury,Hybrid,Delhi,Hyderabad,Online,Rejected,New,2,4111,8222,5715,2507,October,FALSE
2236,3/14/2024,Sedan,Petrol,Delhi,Chennai,Offline,Accepted,New,4,2805,11220,7461,3759,March,FALSE
2237,10/15/2024,Luxury,Petrol,Mumbai,Chennai,Offline,Accepted,Returning,6,2970,17820,12201,5619,October,FALSE
2240,2/24/2024,Sedan,Diesel,Mumbai,Chennai,Offline,Accepted,New,8,2002,16016,9000,7016,February,TRUE
2241,2/26/2024,Luxury,Hybrid,Chennai,Delhi,Offline,Accepted,Returning,12,4478,53736,38752,14984,February,FALSE
2242,6/23/2024,Sedan,Diesel,Hyderabad,Bangalore,Online,Accepted,Returning,15,3547,53205,38225,14980,June,TRUE
2243,4/11/2024,SUV,Electric,Bangalore,Delhi,Offline,Rejected,New,3,2540,7620,5392,2228,April,FALSE
2244,12/10/2024,Sedan,Electric,Chennai,Bangalore,Offline,Accepted,New,18,3564,64152,45498,18654,December,FALSE
2245,7/22/2024,Sedan,Diesel,Delhi,Chennai,Online,Accepted,New,1,2164,2164,1321,843,July,FALSE
2246,3/26/2024,Sedan,Hybrid,Hyderabad,Mumbai,Online,Rejected,New,4,2736,10944,8052,2892,March,FALSE
2247,6/7/2024,Sedan,Diesel,Delhi,Chennai,Online,Accepted,New,12,4197,50364,29738,20626,June,FALSE
2248,11/27/2024,Luxury,Petrol,Chennai,Mumbai,Online,Rejected,Returning,19,4088,77672,49754,27918,November,FALSE
2249,2/24/2024,Sedan,Petrol,Chennai,Mumbai,Online,Rejected,Returning,10,2473,24730,17499,7231,February,TRUE
2250,4/21/2024,Luxury,Diesel,Hyderabad,Bangalore,Online,Accepted,New,2,1704,3408,2072,1336,April,TRUE
2252,9/5/2024,SUV,Hybrid,Delhi,Chennai,Online,Rejected,Returning,18,4003,72054,40322,31732,September,FALSE
2255,3/16/2024,SUV,Diesel,Mumbai,Delhi,Online,Accepted,Returning,17,3660,62220,40450,21770,March,TRUE
2256,5/9/2024,Luxury,Petrol,Chennai,Mumbai,Offline,Rejected,Returning,14,2013,28182,19104,9078,May,FALSE
2257,7/3/2024,Luxury,Petrol,Chennai,Delhi,Online,Accepted,New,15,4025,60375,37315,23060,July,FALSE
2258,12/31/2024,Luxury,Hybrid,Delhi,Hyderabad,Online,Accepted,New,11,3439,37829,23404,14425,December,FALSE
2259,11/23/2024,Hatchback,Hybrid,Delhi,Mumbai,Online,Accepted,Returning,3,2746,8238,5569,2669,November,TRUE
2260,8/14/2024,Hatchback,Petrol,Hyderabad,Delhi,Online,Accepted,New,6,3641,21846,13966,7880,August,FALSE
2261,5/28/2024,SUV,Electric,Bangalore,Mumbai,Online,Accepted,New,7,2313,16191,11979,4212,May,FALSE
2262,8/8/2024,SUV,Hybrid,Delhi,Chennai,Offline,Accepted,New,5,2160,10800,6268,4532,August,FALSE
2263,1/4/2024,Hatchback,Diesel,Hyderabad,Chennai,Online,Accepted,Returning,13,1960,25480,17103,8377,January,FALSE
2264,7/11/2024,Luxury,Hybrid,Delhi,Bangalore,Online,Accepted,New,1,2483,2483,1615,868,July,FALSE
2265,8/29/2024,Luxury,Electric,Hyderabad,Chennai,Offline,Accepted,New,7,4347,30429,16878,13551,August,FALSE
2268,5/4/2024,Hatchback,Diesel,Chennai,Mumbai,Online,Accepted,Returning,18,3798,68364,38871,29493,May,TRUE
2269,2/24/2024,Hatchback,Hybrid,Hyderabad,Delhi,Online,Accepted,Returning,18,2305,41490,28095,13395,February,TRUE
2270,11/12/2024,Hatchback,Hybrid,Delhi,Chennai,Online,Accepted,New,14,2309,32326,21169,11157,November,FALSE
2271,5/1/2024,Hatchback,Electric,Mumbai,Delhi,Online,Accepted,New,16,4492,71872,45406,26466,May,FALSE
2272,3/14/2024,Sedan,Diesel,Mumbai,Bangalore,Online,Accepted,Returning,17,2851,48467,33749,14718,March,FALSE
2273,5/25/2024,Luxury,Electric,Delhi,Mumbai,Offline,Accepted,Returning,19,1493,28367,17036,11331,May,TRUE
2274,7/17/2024,Hatchback,Petrol,Delhi,Mumbai,Online,Accepted,Returning,8,2690,21520,13437,8083,July,FALSE
2275,9/14/2024,Hatchback,Electric,Chennai,Bangalore,Online,Accepted,New,7,1804,12628,9336,3292,September,TRUE
2276,8/19/2024,SUV,Electric,Bangalore,Hyderabad,Online,Accepted,Returning,12,4425,53100,33313,19787,August,FALSE
2277,11/1/2024,Hatchback,Electric,Chennai,Delhi,Online,Accepted,Returning,9,3841,34569,25909,8660,November,FALSE
2278,9/10/2024,SUV,Electric,Chennai,Bangalore,Online,Accepted,New,4,3792,15168,9248,5920,September,FALSE
2280,10/21/2024,Hatchback,Diesel,Mumbai,Bangalore,Online,Accepted,Returning,18,1466,26388,15977,10411,October,FALSE
2281,12/5/2024,Sedan,Electric,Mumbai,Bangalore,Offline,Accepted,New,3,2903,8709,5957,2752,December,FALSE
2282,10/29/2024,SUV,Electric,Bangalore,Chennai,Online,Accepted,New,8,1503,12024,8814,3210,October,FALSE
2283,12/8/2024,Luxury,Electric,Chennai,Mumbai,Online,Accepted,New,19,1562,29678,21110,8568,December,TRUE
2284,4/7/2024,Luxury,Petrol,Mumbai,Bangalore,Offline,Accepted,New,7,4415,30905,22528,8377,April,TRUE
2285,11/1/2024,Hatchback,Electric,Mumbai,Delhi,Online,Accepted,Returning,17,2555,43435,25284,18151,November,FALSE
2286,11/28/2024,Hatchback,Electric,Bangalore,Chennai,Online,Accepted,New,11,1329,14619,8326,6293,November,FALSE
2289,10/27/2024,Luxury,Hybrid,Delhi,Hyderabad,Online,Accepted,New,12,2293,27516,19655,7861,October,TRUE
2290,1/19/2024,Sedan,Petrol,Delhi,Hyderabad,Online,Accepted,Returning,17,2428,41276,26973,14303,January,FALSE
2292,7/4/2024,SUV,Diesel,Hyderabad,Chennai,Online,Rejected,New,2,4129,8258,5977,2281,July,FALSE
2293,10/12/2024,Hatchback,Electric,Delhi,Mumbai,Online,Accepted,Returning,16,3499,55984,37650,18334,October,TRUE
2294,4/5/2024,Sedan,Hybrid,Delhi,Bangalore,Online,Rejected,New,18,2797,50346,29016,21330,April,FALSE
2295,1/22/2024,Sedan,Electric,Mumbai,Bangalore,Online,Rejected,Returning,13,3303,42939,26689,16250,January,FALSE
2296,8/24/2024,Hatchback,Petrol,Mumbai,Chennai,Online,Accepted,New,7,2618,18326,12418,5908,August,TRUE
2297,11/10/2024,SUV,Diesel,Chennai,Delhi,Offline,Accepted,Returning,12,2573,30876,20209,10667,November,TRUE
2298,8/27/2024,SUV,Petrol,Chennai,Bangalore,Online,Rejected,Returning,6,3015,18090,10420,7670,August,FALSE
2300,9/4/2024,Hatchback,Petrol,Delhi,Hyderabad,Online,Accepted,Returning,3,4273,12819,7860,4959,September,FALSE
2301,11/5/2024,Hatchback,Diesel,Mumbai,Hyderabad,Offline,Accepted,Returning,14,4460,62440,45332,17108,November,FALSE
2303,1/20/2024,Sedan,Electric,Mumbai,Delhi,Offline,Accepted,Returning,16,3051,48816,33927,14889,January,TRUE
2304,3/17/2024,Luxury,Petrol,Chennai,Delhi,Online,Accepted,New,16,4025,64400,36896,27504,March,TRUE
2305,7/16/2024,Luxury,Hybrid,Bangalore,Hyderabad,Online,Rejected,New,9,1793,16137,9187,6950,July,FALSE
2306,12/9/2024,Luxury,Electric,Hyderabad,Chennai,Online,Rejected,New,2,4129,8258,5563,2695,December,FALSE
2307,5/13/2024,Luxury,Hybrid,Mumbai,Chennai,Offline,Rejected,New,13,3949,51337,38342,12995,May,FALSE
2308,6/10/2024,SUV,Petrol,Delhi,Bangalore,Online,Rejected,New,5,3835,19175,10698,8477,June,FALSE
2309,2/2/2024,SUV,Petrol,Mumbai,Chennai,Online,Rejected,Returning,7,1490,10430,6001,4429,February,FALSE
2310,11/1/2024,Luxury,Diesel,Mumbai,Chennai,Online,Accepted,New,1,2163,2163,1208,955,November,FALSE
2311,12/20/2024,Hatchback,Diesel,Delhi,Bangalore,Online,Rejected,New,5,3933,19665,12729,6936,December,FALSE
2312,7/1/2024,Hatchback,Electric,Delhi,Chennai,Offline,Accepted,Returning,15,4244,63660,47331,16329,July,FALSE
2313,12/30/2024,SUV,Electric,Mumbai,Bangalore,Online,Accepted,Returning,5,2800,14000,8230,5770,December,FALSE
2314,5/2/2024,Luxury,Hybrid,Bangalore,Chennai,Offline,Accepted,Returning,19,2607,49533,34635,14898,May,FALSE
2315,6/12/2024,Sedan,Hybrid,Delhi,Hyderabad,Online,Rejected,New,4,2284,9136,5755,3381,June,FALSE
2316,12/15/2024,Luxury,Electric,Mumbai,Hyderabad,Offline,Accepted,Returning,14,2189,30646,22160,8486,December,TRUE
2318,8/17/2024,Hatchback,Electric,Bangalore,Delhi,Online,Accepted,New,18,4093,73674,46672,27002,August,TRUE
2319,1/25/2024,Hatchback,Hybrid,Hyderabad,Mumbai,Online,Rejected,New,15,1994,29910,17413,12497,January,FALSE
2320,3/4/2024,Hatchback,Hybrid,Chennai,Delhi,Online,Accepted,New,7,3386,23702,15108,8594,March,FALSE
2321,2/26/2024,Luxury,Diesel,Hyderabad,Delhi,Offline,Accepted,Returning,3,3429,10287,6170,4117,February,FALSE
2322,11/29/2024,Luxury,Electric,Mumbai,Bangalore,Offline,Accepted,New,6,3272,19632,14529,5103,November,FALSE
2323,9/19/2024,Sedan,Petrol,Mumbai,Chennai,Online,Accepted,New,1,4084,4084,3048,1036,September,FALSE
2324,8/28/2024,Sedan,Hybrid,Bangalore,Mumbai,Online,Accepted,New,4,2840,11360,6947,4413,August,FALSE
2325,4/15/2024,Hatchback,Hybrid,Bangalore,Delhi,Online,Accepted,Returning,16,4050,64800,44643,20157,April,FALSE
2326,12/10/2024,Sedan,Hybrid,Bangalore,Chennai,Online,Rejected,New,4,3039,12156,8204,3952,December,FALSE
2327,11/15/2024,Hatchback,Diesel,Mumbai,Hyderabad,Online,Accepted,New,10,1753,17530,10942,6588,November,FALSE
2328,3/22/2024,SUV,Hybrid,Bangalore,Mumbai,Online,Accepted,New,7,1382,9674,5667,4007,March,FALSE
2330,12/14/2024,Sedan,Diesel,Hyderabad,Bangalore,Offline,Accepted,Returning,16,4021,64336,42174,22162,December,TRUE
2331,10/27/2024,Hatchback,Petrol,Mumbai,Delhi,Online,Accepted,Returning,9,3154,28386,19999,8387,October,TRUE
2332,9/10/2024,Luxury,Diesel,Hyderabad,Chennai,Offline,Accepted,New,10,1742,17420,12186,5234,September,FALSE
2333,9/8/2024,Sedan,Electric,Delhi,Chennai,Online,Accepted,New,19,2745,52155,37029,15126,September,TRUE
2334,11/20/2024,Sedan,Diesel,Chennai,Hyderabad,Online,Rejected,New,6,4041,24246,17617,6629,November,FALSE
2335,5/30/2024,Hatchback,Electric,Delhi,Hyderabad,Online,Rejected,New,14,3989,55846,32211,23635,May,FALSE
2337,5/15/2024,Luxury,Electric,Chennai,Hyderabad,Online,Accepted,Returning,17,3877,65909,37410,28499,May,FALSE
2338,10/25/2024,Sedan,Electric,Bangalore,Hyderabad,Online,Accepted,New,14,1961,27454,19916,7538,October,FALSE
2339,2/1/2024,Sedan,Diesel,Bangalore,Chennai,Offline,Accepted,New,13,3905,50765,32122,18643,February,FALSE
2340,4/4/2024,SUV,Hybrid,Chennai,Bangalore,Online,Accepted,Returning,4,4024,16096,9135,6961,April,FALSE
2341,9/27/2024,Sedan,Hybrid,Delhi,Bangalore,Offline,Accepted,Returning,6,1628,9768,5524,4244,September,FALSE
2342,6/25/2024,Luxury,Electric,Mumbai,Hyderabad,Offline,Accepted,New,6,3403,20418,11869,8549,June,FALSE
2343,4/21/2024,SUV,Diesel,Mumbai,Bangalore,Online,Accepted,New,6,1567,9402,6855,2547,April,TRUE
2344,8/16/2024,Luxury,Petrol,Delhi,Hyderabad,Online,Accepted,New,2,3680,7360,4675,2685,August,FALSE
2345,12/16/2024,Luxury,Electric,Mumbai,Chennai,Online,Accepted,Returning,8,3362,26896,17886,9010,December,FALSE
2347,3/21/2024,SUV,Diesel,Bangalore,Hyderabad,Offline,Accepted,Returning,16,4323,69168,43695,25473,March,FALSE
2348,8/19/2024,Luxury,Diesel,Chennai,Delhi,Online,Accepted,Returning,7,3565,24955,16644,8311,August,FALSE
2350,10/7/2024,Sedan,Hybrid,Hyderabad,Bangalore,Online,Accepted,New,14,1738,24332,16093,8239,October,FALSE
2351,10/9/2024,SUV,Hybrid,Delhi,Bangalore,Offline,Accepted,Returning,12,1752,21024,13552,7472,October,FALSE
2352,12/25/2024,Hatchback,Diesel,Bangalore,Hyderabad,Offline,Accepted,Returning,17,2350,39950,23100,16850,December,FALSE
2353,7/14/2024,Luxury,Petrol,Mumbai,Bangalore,Offline,Rejected,New,3,1617,4851,3242,1609,July,TRUE
2354,2/18/2024,SUV,Petrol,Hyderabad,Mumbai,Offline,Accepted,Returning,14,2894,40516,23479,17037,February,TRUE
2355,6/6/2024,Sedan,Petrol,Mumbai,Bangalore,Offline,Rejected,New,4,2657,10628,6986,3642,June,FALSE
2356,8/23/2024,SUV,Petrol,Delhi,Chennai,Online,Accepted,Returning,16,1934,30944,21278,9666,August,FALSE
2357,7/20/2024,Luxury,Electric,Hyderabad,Delhi,Offline,Accepted,Returning,15,3261,48915,32293,16622,July,TRUE
2360,9/9/2024,Sedan,Petrol,Hyderabad,Bangalore,Online,Accepted,Returning,5,2049,10245,6940,3305,September,FALSE
2361,4/2/2024,Luxury,Electric,Bangalore,Delhi,Online,Accepted,New,18,2104,37872,26857,11015,April,FALSE
2362,8/5/2024,Sedan,Hybrid,Chennai,Delhi,Online,Accepted,Returning,19,2955,56145,32623,23522,August,FALSE
2363,9/2/2024,Luxury,Hybrid,Delhi,Hyderabad,Offline,Accepted,New,6,4474,26844,19533,7311,September,FALSE
2364,10/21/2024,Hatchback,Diesel,Bangalore,Mumbai,Offline,Accepted,New,8,3218,25744,15578,10166,October,FALSE
2365,4/16/2024,Sedan,Diesel,Bangalore,Hyderabad,Online,Accepted,Returning,4,2366,9464,5774,3690,April,FALSE
2368,5/2/2024,Sedan,Diesel,Delhi,Bangalore,Online,Accepted,New,7,4053,28371,18721,9650,May,FALSE
2369,6/26/2024,Hatchback,Petrol,Hyderabad,Bangalore,Online,Accepted,New,5,3893,19465,11570,7895,June,FALSE
2370,12/11/2024,Sedan,Hybrid,Hyderabad,Bangalore,Offline,Accepted,Returning,16,2726,43616,25065,18551,December,FALSE
2371,7/7/2024,Hatchback,Diesel,Chennai,Delhi,Offline,Accepted,Returning,18,2663,47934,31106,16828,July,TRUE
2372,3/27/2024,Luxury,Petrol,Mumbai,Chennai,Offline,Accepted,New,15,2826,42390,23898,18492,March,FALSE
2373,3/13/2024,Sedan,Diesel,Mumbai,Chennai,Offline,Accepted,New,7,2957,20699,11825,8874,March,FALSE
2377,9/6/2024,Luxury,Electric,Chennai,Hyderabad,Online,Rejected,New,19,3620,68780,42024,26756,September,FALSE
2379,1/27/2024,SUV,Petrol,Delhi,Hyderabad,Offline,Accepted,New,14,1753,24542,15499,9043,January,TRUE
2380,1/12/2024,Luxury,Diesel,Mumbai,Chennai,Online,Accepted,New,11,2877,31647,19547,12100,January,FALSE
2381,11/21/2024,SUV,Hybrid,Hyderabad,Mumbai,Offline,Accepted,New,5,4499,22495,12433,10062,November,FALSE
2382,2/29/2024,Sedan,Petrol,Hyderabad,Mumbai,Offline,Accepted,Returning,1,3142,3142,1928,1214,February,FALSE
2385,4/9/2024,Sedan,Diesel,Chennai,Delhi,Online,Accepted,New,17,3791,64447,43147,21300,April,FALSE
2386,5/31/2024,SUV,Electric,Chennai,Hyderabad,Offline,Accepted,New,15,1265,18975,12110,6865,May,FALSE
2387,12/25/2024,SUV,Diesel,Chennai,Hyderabad,Online,Accepted,New,16,1343,21488,13407,8081,December,FALSE
2388,2/17/2024,Luxury,Hybrid,Chennai,Delhi,Offline,Accepted,New,2,4255,8510,4850,3660,February,TRUE
2389,11/2/2024,SUV,Electric,Bangalore,Hyderabad,Online,Accepted,Returning,16,1885,30160,22111,8049,November,TRUE
2390,6/16/2024,Sedan,Hybrid,Hyderabad,Mumbai,Online,Accepted,New,12,4282,51384,34847,16537,June,TRUE
2391,5/23/2024,Sedan,Hybrid,Delhi,Chennai,Offline,Rejected,New,10,3409,34090,23855,10235,May,FALSE
2393,3/25/2024,Hatchback,Petrol,Hyderabad,Delhi,Online,Accepted,New,17,3864,65688,44086,21602,March,FALSE
2394,7/19/2024,SUV,Petrol,Hyderabad,Bangalore,Online,Accepted,New,14,2355,32970,22201,10769,July,FALSE
2395,8/9/2024,Sedan,Petrol,Hyderabad,Chennai,Online,Accepted,New,7,2800,19600,14509,5091,August,FALSE
2396,1/6/2024,SUV,Hybrid,Chennai,Hyderabad,Online,Accepted,Returning,10,3373,33730,22624,11106,January,TRUE
2397,7/2/2024,SUV,Petrol,Bangalore,Mumbai,Online,Accepted,New,17,3332,56644,42220,14424,July,FALSE
2399,5/16/2024,Sedan,Hybrid,Bangalore,Hyderabad,Online,Rejected,New,3,2632,7896,5709,2187,May,FALSE
2401,12/5/2024,Hatchback,Hybrid,Delhi,Chennai,Offline,Accepted,Returning,12,4013,48156,28234,19922,December,FALSE
2402,1/8/2024,Sedan,Diesel,Delhi,Bangalore,Online,Accepted,New,19,2287,43453,29437,14016,January,FALSE
2404,6/3/2024,SUV,Petrol,Mumbai,Delhi,Online,Accepted,Returning,15,2574,38610,26107,12503,June,FALSE
2405,8/24/2024,SUV,Electric,Mumbai,Delhi,Online,Rejected,Returning,15,2546,38190,22897,15293,August,TRUE
2406,2/14/2024,SUV,Electric,Delhi,Hyderabad,Online,Accepted,Returning,5,3099,15495,9328,6167,February,FALSE
2407,12/2/2024,Hatchback,Diesel,Bangalore,Chennai,Offline,Rejected,Returning,11,1411,15521,11182,4339,December,FALSE
2409,7/11/2024,SUV,Electric,Chennai,Bangalore,Online,Accepted,Returning,18,1656,29808,21885,7923,July,FALSE
2410,10/16/2024,Sedan,Petrol,Bangalore,Mumbai,Offline,Accepted,Returning,14,1504,21056,12362,8694,October,FALSE
2412,1/3/2024,Hatchback,Diesel,Chennai,Mumbai,Offline,Accepted,New,13,4170,54210,34530,19680,January,FALSE
2413,7/25/2024,Sedan,Hybrid,Mumbai,Chennai,Online,Accepted,New,4,4210,16840,10379,6461,July,FALSE
2414,7/26/2024,SUV,Diesel,Hyderabad,Bangalore,Online,Rejected,New,5,3674,18370,12759,5611,July,FALSE
2415,12/29/2024,Hatchback,Petrol,Hyderabad,Delhi,Online,Rejected,Returning,13,4203,54639,35287,19352,December,TRUE
2416,2/17/2024,Luxury,Petrol,Bangalore,Chennai,Online,Accepted,New,18,3146,56628,36497,20131,February,TRUE
2417,9/13/2024,SUV,Hybrid,Hyderabad,Bangalore,Offline,Accepted,Returning,3,2653,7959,5283,2676,September,FALSE
2418,3/28/2024,Hatchback,Hybrid,Mumbai,Hyderabad,Online,Accepted,Returning,15,4027,60405,44299,16106,March,FALSE
2419,1/25/2024,Luxury,Hybrid,Delhi,Bangalore,Offline,Accepted,New,1,4218,4218,2884,1334,January,FALSE
2420,11/20/2024,Sedan,Diesel,Mumbai,Delhi,Online,Accepted,New,4,2761,11044,7745,3299,November,FALSE
2421,4/17/2024,Hatchback,Hybrid,Bangalore,Hyderabad,Online,Accepted,New,17,2659,45203,25217,19986,April,FALSE
2423,6/28/2024,Luxury,Electric,Bangalore,Mumbai,Offline,Accepted,Returning,8,1874,14992,10000,4992,June,FALSE
2424,11/21/2024,SUV,Diesel,Delhi,Chennai,Offline,Accepted,Returning,12,3566,42792,25035,17757,November,FALSE
2425,3/5/2024,Hatchback,Diesel,Bangalore,Delhi,Online,Rejected,New,18,4066,73188,41254,31934,March,FALSE
2426,5/14/2024,SUV,Petrol,Chennai,Hyderabad,Offline,Accepted,Returning,4,2553,10212,5762,4450,May,FALSE
2429,5/21/2024,Sedan,Electric,Chennai,Hyderabad,Online,Accepted,Returning,16,4303,68848,39136,29712,May,FALSE
2430,5/2/2024,SUV,Diesel,Hyderabad,Mumbai,Offline,Accepted,New,10,1205,12050,7009,5041,May,FALSE
2431,6/3/2024,SUV,Petrol,Delhi,Chennai,Online,Accepted,Returning,16,1317,21072,13394,7678,June,FALSE
2432,4/11/2024,SUV,Hybrid,Delhi,Hyderabad,Offline,Accepted,Returning,19,3441,65379,46006,19373,April,FALSE
2433,7/25/2024,SUV,Petrol,Hyderabad,Mumbai,Online,Accepted,New,2,3508,7016,4595,2421,July,FALSE
2434,9/22/2024,Luxury,Hybrid,Mumbai,Bangalore,Online,Rejected,New,11,3044,33484,23608,9876,September,TRUE
2435,3/25/2024,Sedan,Petrol,Bangalore,Delhi,Online,Accepted,New,16,3609,57744,42229,15515,March,FALSE
2440,6/20/2024,Luxury,Diesel,Hyderabad,Mumbai,Online,Accepted,Returning,10,1483,14830,8821,6009,June,FALSE
2441,3/22/2024,Luxury,Hybrid,Bangalore,Delhi,Offline,Accepted,Returning,16,2383,38128,24102,14026,March,FALSE
2442,12/27/2024,Luxury,Hybrid,Delhi,Chennai,Online,Accepted,New,19,1649,31331,19182,12149,December,FALSE
2443,2/11/2024,Sedan,Electric,Hyderabad,Chennai,Online,Rejected,New,2,4304,8608,5685,2923,February,TRUE
2444,2/15/2024,Sedan,Petrol,Delhi,Chennai,Online,Accepted,New,6,2746,16476,11837,4639,February,FALSE
2445,3/15/2024,Luxury,Diesel,Delhi,Hyderabad,Online,Accepted,Returning,4,3752,15008,9960,5048,March,FALSE
2446,1/16/2024,SUV,Petrol,Bangalore,Delhi,Online,Rejected,New,7,2233,15631,9226,6405,January,FALSE
2448,1/3/2024,Luxury,Diesel,Bangalore,Delhi,Online,Accepted,New,11,2833,31163,21520,9643,January,FALSE
2449,6/13/2024,SUV,Electric,Mumbai,Chennai,Online,Accepted,New,2,1978,3956,2646,1310,June,FALSE
2450,4/25/2024,Luxury,Electric,Chennai,Delhi,Online,Accepted,Returning,15,4315,64725,39583,25142,April,FALSE
2451,2/10/2024,Hatchback,Petrol,Hyderabad,Delhi,Online,Accepted,Returning,10,2028,20280,14482,5798,February,TRUE
2454,6/1/2024,SUV,Petrol,Chennai,Bangalore,Online,Accepted,Returning,11,1417,15587,10505,5082,June,TRUE
2455,5/23/2024,SUV,Electric,Chennai,Hyderabad,Offline,Accepted,Returning,10,2726,27260,17864,9396,May,FALSE
2456,10/7/2024,Hatchback,Diesel,Hyderabad,Mumbai,Online,Accepted,New,1,2441,2441,1827,614,October,FALSE
2457,8/7/2024,SUV,Petrol,Delhi,Hyderabad,Online,Accepted,Returning,6,1350,8100,5117,2983,August,FALSE
2458,2/18/2024,Hatchback,Electric,Chennai,Delhi,Online,Accepted,New,17,2303,39151,26985,12166,February,TRUE
2459,1/22/2024,Sedan,Petrol,Chennai,Bangalore,Online,Accepted,New,11,3780,41580,27639,13941,January,FALSE
2460,4/18/2024,Hatchback,Hybrid,Hyderabad,Delhi,Online,Accepted,New,1,3063,3063,2069,994,April,FALSE
2461,2/28/2024,Sedan,Hybrid,Delhi,Chennai,Online,Accepted,New,15,2410,36150,24466,11684,February,FALSE
2462,2/20/2024,SUV,Diesel,Hyderabad,Delhi,Offline,Accepted,Returning,19,2866,54454,35782,18672,February,FALSE
2463,5/17/2024,SUV,Hybrid,Delhi,Bangalore,Online,Accepted,New,4,2386,9544,7012,2532,May,FALSE
2464,9/18/2024,Sedan,Electric,Hyderabad,Bangalore,Online,Accepted,Returning,7,3081,21567,15682,5885,September,FALSE
2465,10/5/2024,Sedan,Electric,Hyderabad,Chennai,Offline,Rejected,New,17,1701,28917,20530,8387,October,TRUE
2466,10/12/2024,Luxury,Electric,Delhi,Bangalore,Online,Rejected,New,19,3717,70623,51969,18654,October,TRUE
2467,8/26/2024,Sedan,Hybrid,Chennai,Bangalore,Online,Rejected,Returning,19,1595,30305,19232,11073,August,FALSE
2469,7/23/2024,Sedan,Hybrid,Mumbai,Chennai,Online,Accepted,New,5,1627,8135,4692,3443,July,FALSE
2470,9/23/2024,Sedan,Petrol,Mumbai,Hyderabad,Offline,Accepted,New,12,3937,47244,27793,19451,September,FALSE
2471,11/18/2024,SUV,Electric,Mumbai,Chennai,Online,Accepted,New,5,4423,22115,12821,9294,November,FALSE
2472,4/8/2024,SUV,Diesel,Delhi,Hyderabad,Online,Accepted,New,7,1916,13412,9786,3626,April,FALSE
2474,9/19/2024,Sedan,Diesel,Chennai,Mumbai,Online,Accepted,New,13,1943,25259,16427,8832,September,FALSE
2475,11/12/2024,Sedan,Petrol,Delhi,Chennai,Offline,Accepted,New,14,3579,50106,30124,19982,November,FALSE
2477,4/9/2024,Sedan,Petrol,Bangalore,Hyderabad,Online,Accepted,New,12,2720,32640,23550,9090,April,FALSE
2478,6/7/2024,Hatchback,Diesel,Hyderabad,Delhi,Offline,Accepted,New,10,4379,43790,25354,18436,June,FALSE
2479,5/21/2024,Sedan,Petrol,Hyderabad,Delhi,Offline,Accepted,New,2,1427,2854,1966,888,May,FALSE
2480,2/18/2024,Sedan,Hybrid,Mumbai,Chennai,Online,Accepted,New,6,3260,19560,12542,7018,February,TRUE
2481,8/17/2024,Luxury,Petrol,Chennai,Hyderabad,Online,Accepted,New,4,4319,17276,11717,5559,August,TRUE
2482,11/27/2024,SUV,Petrol,Hyderabad,Chennai,Online,Accepted,New,14,3405,47670,28892,18778,November,FALSE
2483,10/30/2024,Luxury,Electric,Hyderabad,Delhi,Online,Rejected,New,8,1550,12400,7860,4540,October,FALSE
2484,4/17/2024,Sedan,Electric,Delhi,Chennai,Offline,Accepted,New,14,3472,48608,30733,17875,April,FALSE
2485,9/5/2024,Sedan,Petrol,Mumbai,Delhi,Online,Accepted,New,3,4483,13449,9986,3463,September,FALSE
2486,10/29/2024,Luxury,Diesel,Hyderabad,Chennai,Offline,Accepted,New,7,3066,21462,14244,7218,October,FALSE
2488,2/29/2024,SUV,Diesel,Hyderabad,Mumbai,Offline,Accepted,New,4,3746,14984,10325,4659,February,FALSE
2489,8/9/2024,SUV,Diesel,Chennai,Mumbai,Offline,Accepted,New,7,4111,28777,17271,11506,August,FALSE
2490,11/22/2024,Luxury,Petrol,Bangalore,Hyderabad,Online,Accepted,Returning,3,2506,7518,5162,2356,November,FALSE
2491,10/8/2024,SUV,Petrol,Chennai,Bangalore,Online,Accepted,New,19,3356,63764,38891,24873,October,FALSE
2492,8/17/2024,Hatchback,Diesel,Mumbai,Bangalore,Offline,Accepted,New,19,4277,81263,58489,22774,August,TRUE
2493,3/29/2024,SUV,Electric,Bangalore,Chennai,Online,Accepted,Returning,1,2314,2314,1622,692,March,FALSE
2494,12/4/2024,SUV,Hybrid,Hyderabad,Mumbai,Online,Accepted,Returning,12,2259,27108,15583,11525,December,FALSE
2495,2/1/2024,Sedan,Petrol,Hyderabad,Mumbai,Online,Rejected,Returning,4,1395,5580,3200,2380,February,FALSE
2496,1/30/2024,Sedan,Electric,Chennai,Delhi,Online,Accepted,New,17,1803,30651,17816,12835,January,FALSE
2497,3/10/2024,Luxury,Hybrid,Hyderabad,Mumbai,Offline,Rejected,New,12,3567,42804,31784,11020,March,TRUE
2499,9/18/2024,Hatchback,Electric,Chennai,Hyderabad,Offline,Accepted,Returning,6,2579,15474,10321,5153,September,FALSE
2500,6/26/2024,Sedan,Petrol,Chennai,Delhi,Online,Accepted,New,7,2389,16723,12199,4524,June,FALSE
2501,4/8/2024,Sedan,Hybrid,Bangalore,Hyderabad,Offline,Rejected,Returning,6,3163,18978,12221,6757,April,FALSE
2502,5/7/2024,Luxury,Hybrid,Mumbai,Bangalore,Online,Accepted,New,3,1664,4992,2914,2078,May,FALSE
2504,9/21/2024,SUV,Hybrid,Delhi,Chennai,Online,Accepted,New,7,2696,18872,13028,5844,September,TRUE
2505,4/10/2024,Luxury,Electric,Mumbai,Hyderabad,Offline,Accepted,New,12,1700,20400,12553,7847,April,FALSE
2506,8/13/2024,SUV,Electric,Delhi,Bangalore,Online,Rejected,New,6,1680,10080,6146,3934,August,FALSE
2507,7/29/2024,Hatchback,Hybrid,Bangalore,Chennai,Online,Rejected,New,2,1938,3876,2321,1555,July,FALSE
2508,4/27/2024,SUV,Hybrid,Chennai,Hyderabad,Online,Accepted,Returning,15,3630,54450,36477,17973,April,TRUE
2509,6/24/2024,Luxury,Electric,Mumbai,Chennai,Online,Accepted,New,6,3631,21786,12820,8966,June,FALSE
2511,2/23/2024,Luxury,Petrol,Delhi,Bangalore,Online,Accepted,Returning,2,1215,2430,1455,975,February,FALSE
2512,4/1/2024,Luxury,Petrol,Hyderabad,Mumbai,Online,Accepted,Returning,16,2887,46192,27675,18517,April,FALSE
2514,11/4/2024,Luxury,Diesel,Hyderabad,Bangalore,Offline,Accepted,New,4,2189,8756,5099,3657,November,FALSE
2515,9/1/2024,Hatchback,Electric,Chennai,Delhi,Online,Rejected,New,19,2813,53447,29993,23454,September,TRUE
2516,9/22/2024,Sedan,Petrol,Delhi,Hyderabad,Online,Accepted,New,14,2131,29834,17013,12821,September,TRUE
2517,2/1/2024,SUV,Diesel,Chennai,Bangalore,Online,Accepted,New,16,3965,63440,34989,28451,February,FALSE
2518,1/21/2024,Luxury,Hybrid,Hyderabad,Bangalore,Online,Accepted,New,3,1243,3729,2661,1068,January,TRUE
2519,2/26/2024,SUV,Hybrid,Hyderabad,Chennai,Online,Accepted,Returning,15,4354,65310,45098,20212,February,FALSE
2520,4/4/2024,Sedan,Electric,Mumbai,Delhi,Online,Accepted,Returning,6,3888,23328,15714,7614,April,FALSE
2521,4/12/2024,Luxury,Petrol,Hyderabad,Mumbai,Offline,Accepted,New,6,1609,9654,7191,2463,April,FALSE
2522,6/10/2024,Sedan,Petrol,Chennai,Delhi,Online,Accepted,Returning,1,3589,3589,2167,1422,June,FALSE
2523,12/19/2024,Luxury,Electric,Bangalore,Chennai,Online,Accepted,New,1,3000,3000,2047,953,December,FALSE
2524,11/12/2024,SUV,Hybrid,Mumbai,Hyderabad,Offline,Accepted,Returning,9,2206,19854,14498,5356,November,FALSE
2525,8/9/2024,Sedan,Diesel,Bangalore,Delhi,Online,Accepted,Returning,1,3857,3857,2533,1324,August,FALSE
2527,1/11/2024,SUV,Hybrid,Hyderabad,Chennai,Offline,Accepted,New,18,1842,33156,19478,13678,January,FALSE
2528,10/7/2024,Luxury,Electric,Delhi,Mumbai,Online,Accepted,Returning,12,2203,26436,19152,7284,October,FALSE
2529,8/31/2024,Hatchback,Petrol,Delhi,Hyderabad,Online,Rejected,Returning,4,3927,15708,10532,5176,August,TRUE
2530,5/7/2024,Sedan,Diesel,Delhi,Mumbai,Offline,Accepted,New,15,4398,65970,38657,27313,May,FALSE
2531,12/7/2024,SUV,Electric,Hyderabad,Mumbai,Online,Accepted,New,14,2804,39256,25126,14130,December,TRUE
2532,10/26/2024,Sedan,Hybrid,Hyderabad,Chennai,Online,Accepted,New,13,4484,58292,35883,22409,October,TRUE
2534,10/20/2024,Sedan,Electric,Chennai,Delhi,Online,Accepted,New,19,3428,65132,44179,20953,October,TRUE
2537,8/16/2024,Luxury,Diesel,Bangalore,Mumbai,Offline,Accepted,Returning,15,3145,47175,34539,12636,August,FALSE
2538,8/9/2024,Sedan,Petrol,Mumbai,Bangalore,Online,Accepted,New,6,2268,13608,7522,6086,August,FALSE
2539,2/3/2024,Sedan,Hybrid,Hyderabad,Bangalore,Offline,Accepted,New,3,3505,10515,7250,3265,February,TRUE
2540,10/23/2024,Hatchback,Petrol,Chennai,Mumbai,Online,Accepted,New,19,3940,74860,49241,25619,October,FALSE
2542,12/7/2024,Sedan,Diesel,Hyderabad,Bangalore,Online,Accepted,Returning,9,2548,22932,16050,6882,December,TRUE
2544,5/4/2024,Sedan,Hybrid,Delhi,Mumbai,Offline,Rejected,New,1,1526,1526,946,580,May,TRUE
2545,8/15/2024,Sedan,Diesel,Chennai,Mumbai,Offline,Accepted,Returning,15,4453,66795,38670,28125,August,FALSE
2546,3/27/2024,Luxury,Electric,Hyderabad,Chennai,Online,Accepted,New,3,3843,11529,8131,3398,March,FALSE
2549,12/22/2024,Luxury,Diesel,Chennai,Bangalore,Offline,Accepted,New,14,4040,56560,42324,14236,December,TRUE
2550,11/11/2024,SUV,Petrol,Bangalore,Hyderabad,Online,Accepted,Returning,19,1639,31141,20240,10901,November,FALSE
2552,7/7/2024,Luxury,Diesel,Bangalore,Chennai,Online,Accepted,Returning,6,3919,23514,17464,6050,July,TRUE
2553,8/10/2024,Hatchback,Hybrid,Bangalore,Chennai,Online,Accepted,New,18,2962,53316,32280,21036,August,TRUE
2555,6/8/2024,Hatchback,Diesel,Chennai,Delhi,Online,Accepted,Returning,10,4253,42530,30823,11707,June,TRUE
2556,11/26/2024,SUV,Hybrid,Mumbai,Delhi,Online,Accepted,New,15,3133,46995,26600,20395,November,FALSE
2557,10/6/2024,SUV,Petrol,Bangalore,Delhi,Online,Accepted,Returning,9,3275,29475,16491,12984,October,TRUE
2558,12/30/2024,Sedan,Petrol,Mumbai,Delhi,Offline,Accepted,New,6,1380,8280,5809,2471,December,FALSE
2560,5/13/2024,Sedan,Diesel,Delhi,Bangalore,Online,Rejected,Returning,10,3015,30150,21490,8660,May,FALSE
2562,8/2/2024,Sedan,Electric,Hyderabad,Chennai,Online,Rejected,New,13,1604,20852,14767,6085,August,FALSE
2563,10/11/2024,Luxury,Petrol,Chennai,Delhi,Online,Accepted,New,19,2394,45486,31476,14010,October,FALSE
2565,11/27/2024,Hatchback,Diesel,Chennai,Bangalore,Online,Accepted,Returning,16,2846,45536,33165,12371,November,FALSE
2566,9/6/2024,Hatchback,Electric,Bangalore,Hyderabad,Online,Accepted,New,16,3066,49056,36317,12739,September,FALSE
2567,2/2/2024,Hatchback,Petrol,Delhi,Chennai,Offline,Accepted,Returning,9,2550,22950,15025,7925,February,FALSE
2568,8/23/2024,SUV,Electric,Hyderabad,Delhi,Offline,Rejected,Returning,11,3317,36487,24096,12391,August,FALSE
2573,3/8/2024,Hatchback,Electric,Mumbai,Delhi,Offline,Accepted,New,3,2991,8973,6693,2280,March,FALSE
2574,4/19/2024,SUV,Petrol,Chennai,Mumbai,Offline,Rejected,Returning,13,2470,32110,19324,12786,April,FALSE
2575,2/27/2024,SUV,Petrol,Mumbai,Bangalore,Online,Rejected,New,3,4077,12231,8480,3751,February,FALSE
2576,12/14/2024,Luxury,Electric,Chennai,Bangalore,Offline,Accepted,New,14,3110,43540,24070,19470,December,TRUE
2578,12/1/2024,Sedan,Hybrid,Chennai,Bangalore,Online,Accepted,New,6,2275,13650,9458,4192,December,TRUE
2579,4/16/2024,Sedan,Hybrid,Chennai,Hyderabad,Offline,Accepted,New,15,1212,18180,11494,6686,April,FALSE
2580,8/7/2024,SUV,Hybrid,Bangalore,Chennai,Online,Accepted,New,16,3315,53040,32600,20440,August,FALSE
2581,4/26/2024,SUV,Electric,Mumbai,Bangalore,Online,Accepted,Returning,10,3330,33300,23391,9909,April,FALSE
2582,4/23/2024,SUV,Petrol,Chennai,Delhi,Online,Rejected,Returning,13,3426,44538,24550,19988,April,FALSE
2583,2/10/2024,SUV,Petrol,Mumbai,Delhi,Online,Accepted,Returning,1,1372,1372,922,450,February,TRUE
2584,8/23/2024,SUV,Diesel,Mumbai,Delhi,Online,Rejected,New,16,1976,31616,20062,11554,August,FALSE
2587,3/7/2024,Sedan,Electric,Mumbai,Bangalore,Online,Accepted,New,9,3779,34011,23714,10297,March,FALSE
2588,8/28/2024,Sedan,Electric,Mumbai,Hyderabad,Online,Accepted,New,4,1308,5232,3346,1886,August,FALSE
2589,5/19/2024,Luxury,Hybrid,Delhi,Hyderabad,Offline,Accepted,Returning,4,2443,9772,7211,2561,May,TRUE
2592,3/23/2024,SUV,Petrol,Mumbai,Chennai,Online,Accepted,New,19,2347,44593,31083,13510,March,TRUE
2593,9/10/2024,Luxury,Hybrid,Hyderabad,Delhi,Online,Accepted,New,12,1621,19452,13900,5552,September,FALSE
2594,10/8/2024,Luxury,Petrol,Hyderabad,Delhi,Online,Accepted,New,19,2572,48868,27790,21078,October,FALSE
2595,3/30/2024,SUV,Diesel,Delhi,Bangalore,Offline,Rejected,Returning,11,3744,41184,27260,13924,March,TRUE
2596,11/2/2024,Hatchback,Petrol,Chennai,Bangalore,Online,Accepted,Returning,15,3656,54840,35628,19212,November,TRUE
2597,11/2/2024,Hatchback,Diesel,Mumbai,Hyderabad,Online,Accepted,New,7,3911,27377,18067,9310,November,TRUE
2598,12/30/2024,Luxury,Diesel,Delhi,Bangalore,Offline,Rejected,New,11,2535,27885,20049,7836,December,FALSE
2599,9/26/2024,SUV,Diesel,Bangalore,Hyderabad,Online,Accepted,New,5,2073,10365,7612,2753,September,FALSE
2600,7/5/2024,Sedan,Diesel,Delhi,Mumbai,Online,Accepted,New,18,3541,63738,43810,19928,July,FALSE
2601,3/4/2024,Hatchback,Hybrid,Chennai,Hyderabad,Online,Accepted,Returning,5,3627,18135,12857,5278,March,FALSE
2602,5/13/2024,SUV,Diesel,Chennai,Hyderabad,Online,Accepted,New,18,1418,25524,14459,11065,May,FALSE
2603,5/30/2024,Sedan,Diesel,Hyderabad,Bangalore,Online,Accepted,Returning,3,1872,5616,3867,1749,May,FALSE
2604,7/25/2024,SUV,Hybrid,Delhi,Chennai,Online,Rejected,New,13,1653,21489,16104,5385,July,FALSE
2605,2/13/2024,SUV,Petrol,Delhi,Bangalore,Online,Accepted,New,4,2458,9832,6199,3633,February,FALSE
2606,9/9/2024,Luxury,Petrol,Delhi,Chennai,Online,Accepted,Returning,1,1265,1265,796,469,September,FALSE
2607,11/7/2024,Luxury,Hybrid,Hyderabad,Bangalore,Online,Accepted,New,5,3578,17890,11410,6480,November,FALSE
2608,8/28/2024,Sedan,Electric,Mumbai,Hyderabad,Online,Rejected,Returning,9,1790,16110,11504,4606,August,FALSE
2609,7/24/2024,Sedan,Hybrid,Mumbai,Bangalore,Offline,Rejected,Returning,7,1756,12292,8758,3534,July,FALSE
2611,6/3/2024,Hatchback,Diesel,Delhi,Bangalore,Online,Accepted,New,6,2609,15654,10087,5567,June,FALSE
2612,6/17/2024,SUV,Petrol,Bangalore,Delhi,Online,Accepted,Returning,8,4162,33296,20921,12375,June,FALSE
2613,12/7/2024,Luxury,Hybrid,Hyderabad,Bangalore,Online,Accepted,New,16,2600,41600,27731,13869,December,TRUE
2616,3/21/2024,SUV,Electric,Mumbai,Bangalore,Online,Accepted,Returning,16,3473,55568,35734,19834,March,FALSE
2618,8/14/2024,Sedan,Electric,Hyderabad,Bangalore,Offline,Rejected,New,7,2319,16233,10453,5780,August,FALSE
2619,7/27/2024,Sedan,Hybrid,Mumbai,Hyderabad,Online,Accepted,Returning,8,3709,29672,18011,11661,July,TRUE
2620,5/12/2024,Sedan,Electric,Delhi,Hyderabad,Offline,Accepted,New,7,3154,22078,14039,8039,May,TRUE
2621,3/24/2024,Luxury,Hybrid,Bangalore,Mumbai,Online,Accepted,Returning,2,1890,3780,2140,1640,March,TRUE
2622,10/3/2024,Luxury,Petrol,Mumbai,Delhi,Offline,Accepted,Returning,8,4340,34720,25967,8753,October,FALSE
2623,2/25/2024,Sedan,Petrol,Hyderabad,Mumbai,Offline,Accepted,New,18,1813,32634,22943,9691,February,TRUE
2624,6/17/2024,Luxury,Diesel,Delhi,Bangalore,Online,Accepted,New,7,1767,12369,8243,4126,June,FALSE
2626,9/2/2024,Luxury,Electric,Chennai,Mumbai,Online,Accepted,Returning,18,4405,79290,57366,21924,September,FALSE
2627,6/12/2024,Sedan,Electric,Chennai,Hyderabad,Online,Accepted,New,1,2705,2705,1931,774,June,FALSE
2628,2/9/2024,Luxury,Diesel,Chennai,Hyderabad,Offline,Accepted,Returning,14,2237,31318,22396,8922,February,FALSE
2629,9/26/2024,Luxury,Hybrid,Hyderabad,Chennai,Online,Accepted,New,19,3369,64011,40259,23752,September,FALSE
2631,8/25/2024,Hatchback,Electric,Chennai,Delhi,Online,Rejected,New,7,1215,8505,5005,3500,August,TRUE
2632,1/19/2024,SUV,Diesel,Delhi,Mumbai,Online,Accepted,New,17,3936,66912,49607,17305,January,FALSE
2633,2/7/2024,Luxury,Petrol,Mumbai,Delhi,Online,Accepted,New,13,4232,55016,39159,15857,February,FALSE
2635,9/15/2024,Hatchback,Petrol,Bangalore,Hyderabad,Online,Accepted,New,1,3067,3067,2056,1011,September,TRUE
2636,4/25/2024,Hatchback,Electric,Delhi,Bangalore,Online,Accepted,New,1,2477,2477,1752,725,April,FALSE
2637,3/24/2024,Hatchback,Diesel,Mumbai,Delhi,Offline,Rejected,New,5,2464,12320,8346,3974,March,TRUE
2638,10/14/2024,SUV,Petrol,Bangalore,Delhi,Online,Accepted,Returning,9,1224,11016,6175,4841,October,FALSE
2640,6/11/2024,Hatchback,Electric,Delhi,Bangalore,Online,Rejected,New,10,2466,24660,17252,7408,June,FALSE
2641,8/8/2024,Luxury,Petrol,Hyderabad,Mumbai,Offline,Accepted,New,15,2143,32145,18806,13339,August,FALSE
2642,4/28/2024,Sedan,Diesel,Bangalore,Delhi,Online,Accepted,New,9,4494,40446,27751,12695,April,TRUE
2643,12/21/2024,Luxury,Diesel,Delhi,Hyderabad,Online,Rejected,Returning,8,4069,32552,21234,11318,December,TRUE
2644,5/23/2024,SUV,Electric,Chennai,Mumbai,Online,Rejected,New,15,3992,59880,36462,23418,May,FALSE
2646,9/28/2024,SUV,Petrol,Chennai,Hyderabad,Online,Accepted,New,12,2071,24852,14310,10542,September,TRUE
2647,5/24/2024,Sedan,Hybrid,Mumbai,Chennai,Online,Rejected,Returning,11,3346,36806,23052,13754,May,FALSE
2649,4/1/2024,Sedan,Petrol,Mumbai,Delhi,Online,Accepted,New,16,3450,55200,33445,21755,April,FALSE
2650,1/13/2024,Sedan,Hybrid,Hyderabad,Chennai,Online,Accepted,New,13,3616,47008,29556,17452,January,TRUE
2652,1/14/2024,Sedan,Diesel,Chennai,Mumbai,Offline,Accepted,Returning,19,3480,66120,39798,26322,January,TRUE
2653,1/3/2024,SUV,Diesel,Bangalore,Chennai,Offline,Accepted,New,14,2982,41748,28023,13725,January,FALSE
2654,1/9/2024,Sedan,Diesel,Bangalore,Hyderabad,Offline,Accepted,Returning,2,4019,8038,4861,3177,January,FALSE
2655,8/2/2024,Hatchback,Electric,Chennai,Delhi,Online,Rejected,Returning,2,2160,4320,2394,1926,August,FALSE
2656,8/13/2024,Sedan,Diesel,Delhi,Mumbai,Offline,Accepted,New,12,3330,39960,24153,15807,August,FALSE
2657,6/27/2024,Luxury,Diesel,Mumbai,Bangalore,Online,Rejected,New,12,1765,21180,13634,7546,June,FALSE
2658,12/5/2024,Hatchback,Electric,Delhi,Bangalore,Online,Accepted,New,10,3242,32420,21800,10620,December,FALSE
2660,8/23/2024,Hatchback,Electric,Bangalore,Mumbai,Offline,Accepted,New,17,3699,62883,41470,21413,August,FALSE
2661,4/28/2024,Luxury,Petrol,Delhi,Bangalore,Online,Rejected,New,12,3860,46320,29615,16705,April,TRUE
2663,3/9/2024,SUV,Petrol,Delhi,Mumbai,Online,Accepted,Returning,13,2710,35230,25184,10046,March,TRUE
2664,1/13/2024,Luxury,Hybrid,Delhi,Mumbai,Offline,Accepted,New,7,1758,12306,7176,5130,January,TRUE
2666,5/22/2024,Luxury,Electric,Bangalore,Mumbai,Online,Accepted,New,13,2363,30719,18894,11825,May,FALSE
2667,6/22/2024,SUV,Diesel,Chennai,Hyderabad,Online,Accepted,Returning,7,3861,27027,15691,11336,June,TRUE
2668,12/27/2024,Luxury,Petrol,Hyderabad,Bangalore,Offline,Rejected,New,17,1330,22610,15472,7138,December,FALSE
2669,4/22/2024,Luxury,Petrol,Mumbai,Bangalore,Offline,Accepted,New,15,3054,45810,26944,18866,April,FALSE
2670,12/31/2024,Luxury,Hybrid,Delhi,Bangalore,Online,Rejected,Returning,15,1533,22995,16261,6734,December,FALSE
2671,12/6/2024,Hatchback,Hybrid,Hyderabad,Bangalore,Online,Accepted,New,18,1642,29556,19740,9816,December,FALSE
2672,12/5/2024,Sedan,Diesel,Bangalore,Chennai,Online,Accepted,Returning,10,2922,29220,20467,8753,December,FALSE
2673,2/22/2024,Luxury,Petrol,Hyderabad,Bangalore,Online,Accepted,New,10,3611,36110,25047,11063,February,FALSE
2674,10/3/2024,Hatchback,Diesel,Delhi,Hyderabad,Offline,Accepted,Returning,4,1249,4996,3486,1510,October,FALSE
2675,6/9/2024,SUV,Diesel,Chennai,Hyderabad,Offline,Accepted,New,9,2980,26820,15608,11212,June,TRUE
2676,3/23/2024,SUV,Petrol,Mumbai,Chennai,Online,Accepted,New,16,1875,30000,17335,12665,March,TRUE
2677,10/21/2024,Luxury,Hybrid,Delhi,Chennai,Online,Rejected,New,12,4472,53664,38658,15006,October,FALSE
2678,12/8/2024,Luxury,Hybrid,Mumbai,Chennai,Online,Accepted,Returning,3,2978,8934,6061,2873,December,TRUE
2679,2/2/2024,SUV,Diesel,Bangalore,Hyderabad,Offline,Accepted,Returning,14,4280,59920,36019,23901,February,FALSE
2680,6/19/2024,Luxury,Hybrid,Chennai,Delhi,Online,Accepted,New,5,3324,16620,10353,6267,June,FALSE
2681,1/11/2024,Hatchback,Diesel,Bangalore,Chennai,Online,Rejected,Returning,17,2938,49946,36353,13593,January,FALSE
2682,3/29/2024,Luxury,Hybrid,Mumbai,Delhi,Offline,Accepted,Returning,2,3489,6978,4465,2513,March,FALSE
2683,2/29/2024,SUV,Petrol,Bangalore,Hyderabad,Online,Accepted,New,15,1457,21855,15523,6332,February,FALSE
2684,10/16/2024,Luxury,Hybrid,Bangalore,Chennai,Online,Accepted,New,13,2823,36699,21174,15525,October,FALSE
2685,7/4/2024,Luxury,Hybrid,Hyderabad,Delhi,Online,Accepted,Returning,6,1427,8562,5260,3302,July,FALSE
2687,3/24/2024,SUV,Petrol,Bangalore,Hyderabad,Online,Rejected,Returning,7,2726,19082,13019,6063,March,TRUE
2689,5/31/2024,SUV,Petrol,Hyderabad,Bangalore,Online,Accepted,New,6,3325,19950,12973,6977,May,FALSE
2690,4/11/2024,Sedan,Electric,Hyderabad,Bangalore,Online,Accepted,New,11,1738,19118,12926,6192,April,FALSE
2692,7/23/2024,SUV,Hybrid,Delhi,Mumbai,Offline,Accepted,New,17,3419,58123,39692,18431,July,FALSE
2693,6/27/2024,Hatchback,Diesel,Bangalore,Delhi,Online,Rejected,New,13,4410,57330,42195,15135,June,FALSE
2695,7/22/2024,SUV,Electric,Delhi,Hyderabad,Offline,Accepted,Returning,8,2241,17928,10671,7257,July,FALSE
2696,6/3/2024,Sedan,Diesel,Delhi,Bangalore,Online,Accepted,New,4,2913,11652,7771,3881,June,FALSE
2697,5/18/2024,Hatchback,Electric,Hyderabad,Delhi,Online,Accepted,New,3,4443,13329,9198,4131,May,TRUE
2699,9/21/2024,Luxury,Diesel,Hyderabad,Delhi,Online,Rejected,New,13,3974,51662,31747,19915,September,TRUE
2700,1/29/2024,Hatchback,Hybrid,Mumbai,Chennai,Online,Accepted,Returning,13,2115,27495,16907,10588,January,FALSE
